-0.000000, 0.000000, -0.000001, 0.000003, -0.000010, 
-0.000000, 0.000000, -0.000002, 0.000006, -0.000020, 
-0.000000, 0.000001, -0.000003, 0.000010, -0.000030, 
-0.000000, 0.000001, -0.000003, 0.000013, -0.000040, 
-0.000000, 0.000001, -0.000004, 0.000016, -0.000051, 
-0.000000, 0.000001, -0.000005, 0.000020, -0.000061, 
-0.000000, 0.000001, -0.000006, 0.000023, -0.000071, 
-0.000000, 0.000002, -0.000007, 0.000026, -0.000082, 
-0.000000, 0.000002, -0.000008, 0.000030, -0.000092, 
-0.000000, 0.000002, -0.000009, 0.000033, -0.000103, 
-0.000000, 0.000002, -0.000010, 0.000037, -0.000114, 
-0.000000, 0.000002, -0.000011, 0.000040, -0.000125, 
-0.000000, 0.000003, -0.000012, 0.000044, -0.000136, 
-0.000000, 0.000003, -0.000013, 0.000048, -0.000148, 
-0.000000, 0.000003, -0.000014, 0.000051, -0.000159, 
-0.000000, 0.000003, -0.000015, 0.000055, -0.000171, 
-0.000001, 0.000003, -0.000016, 0.000059, -0.000183, 
-0.000001, 0.000004, -0.000017, 0.000063, -0.000196, 
-0.000001, 0.000004, -0.000018, 0.000068, -0.000208, 
-0.000001, 0.000004, -0.000020, 0.000072, -0.000221, 
-0.000001, 0.000005, -0.000021, 0.000076, -0.000235, 
-0.000001, 0.000005, -0.000022, 0.000081, -0.000248, 
-0.000001, 0.000005, -0.000023, 0.000085, -0.000262, 
-0.000001, 0.000005, -0.000025, 0.000090, -0.000277, 
-0.000001, 0.000006, -0.000026, 0.000095, -0.000291, 
-0.000001, 0.000006, -0.000028, 0.000100, -0.000306, 
-0.000001, 0.000006, -0.000029, 0.000106, -0.000322, 
-0.000001, 0.000007, -0.000031, 0.000111, -0.000338, 
-0.000001, 0.000007, -0.000032, 0.000117, -0.000354, 
-0.000001, 0.000007, -0.000034, 0.000122, -0.000371, 
-0.000001, 0.000008, -0.000036, 0.000128, -0.000388, 
-0.000001, 0.000008, -0.000037, 0.000134, -0.000406, 
-0.000001, 0.000009, -0.000039, 0.000141, -0.000425, 
-0.000001, 0.000009, -0.000041, 0.000147, -0.000444, 
-0.000001, 0.000010, -0.000043, 0.000154, -0.000463, 
-0.000002, 0.000010, -0.000045, 0.000161, -0.000483, 
-0.000002, 0.000010, -0.000047, 0.000168, -0.000504, 
-0.000002, 0.000011, -0.000049, 0.000176, -0.000525, 
-0.000002, 0.000012, -0.000052, 0.000183, -0.000547, 
-0.000002, 0.000012, -0.000054, 0.000191, -0.000570, 
-0.000002, 0.000013, -0.000056, 0.000199, -0.000593, 
-0.000002, 0.000013, -0.000059, 0.000208, -0.000617, 
-0.000002, 0.000014, -0.000061, 0.000217, -0.000642, 
-0.000002, 0.000014, -0.000064, 0.000226, -0.000667, 
-0.000002, 0.000015, -0.000067, 0.000235, -0.000694, 
-0.000002, 0.000016, -0.000070, 0.000245, -0.000721, 
-0.000003, 0.000017, -0.000073, 0.000255, -0.000749, 
-0.000003, 0.000017, -0.000076, 0.000266, -0.000778, 
-0.000003, 0.000018, -0.000079, 0.000276, -0.000807, 
-0.000003, 0.000019, -0.000083, 0.000288, -0.000838, 
-0.000003, 0.000020, -0.000086, 0.000299, -0.000870, 
-0.000003, 0.000021, -0.000090, 0.000311, -0.000902, 
-0.000003, 0.000022, -0.000094, 0.000323, -0.000936, 
-0.000004, 0.000023, -0.000098, 0.000336, -0.000970, 
-0.000004, 0.000023, -0.000102, 0.000349, -0.001006, 
-0.000004, 0.000025, -0.000106, 0.000363, -0.001043, 
-0.000004, 0.000026, -0.000110, 0.000377, -0.001080, 
-0.000004, 0.000027, -0.000115, 0.000392, -0.001119, 
-0.000004, 0.000028, -0.000119, 0.000407, -0.001160, 
-0.000005, 0.000029, -0.000124, 0.000422, -0.001201, 
-0.000005, 0.000030, -0.000129, 0.000438, -0.001244, 
-0.000005, 0.000032, -0.000135, 0.000455, -0.001287, 
-0.000005, 0.000033, -0.000140, 0.000472, -0.001333, 
-0.000006, 0.000034, -0.000146, 0.000490, -0.001379, 
-0.000006, 0.000036, -0.000151, 0.000508, -0.001427, 
-0.000006, 0.000037, -0.000157, 0.000527, -0.001476, 
-0.000006, 0.000039, -0.000164, 0.000547, -0.001527, 
-0.000007, 0.000041, -0.000170, 0.000567, -0.001579, 
-0.000007, 0.000042, -0.000177, 0.000588, -0.001633, 
-0.000007, 0.000044, -0.000184, 0.000609, -0.001689, 
-0.000008, 0.000046, -0.000191, 0.000631, -0.001746, 
-0.000008, 0.000048, -0.000199, 0.000654, -0.001804, 
-0.000008, 0.000050, -0.000206, 0.000678, -0.001865, 
-0.000009, 0.000052, -0.000214, 0.000703, -0.001927, 
-0.000009, 0.000054, -0.000222, 0.000728, -0.001990, 
-0.000009, 0.000056, -0.000231, 0.000754, -0.002056, 
-0.000010, 0.000058, -0.000240, 0.000781, -0.002123, 
-0.000010, 0.000061, -0.000249, 0.000808, -0.002193, 
-0.000011, 0.000063, -0.000259, 0.000837, -0.002264, 
-0.000011, 0.000066, -0.000268, 0.000867, -0.002337, 
-0.000012, 0.000068, -0.000279, 0.000897, -0.002412, 
-0.000012, 0.000071, -0.000289, 0.000928, -0.002490, 
-0.000013, 0.000074, -0.000300, 0.000961, -0.002569, 
-0.000013, 0.000077, -0.000311, 0.000994, -0.002650, 
-0.000014, 0.000080, -0.000323, 0.001028, -0.002734, 
-0.000014, 0.000083, -0.000335, 0.001064, -0.002820, 
-0.000015, 0.000087, -0.000347, 0.001100, -0.002908, 
-0.000015, 0.000090, -0.000360, 0.001138, -0.002999, 
-0.000016, 0.000094, -0.000373, 0.001176, -0.003092, 
-0.000017, 0.000097, -0.000387, 0.001216, -0.003187, 
-0.000017, 0.000101, -0.000401, 0.001257, -0.003285, 
-0.000018, 0.000105, -0.000416, 0.001300, -0.003386, 
-0.000019, 0.000109, -0.000431, 0.001343, -0.003489, 
-0.000020, 0.000113, -0.000447, 0.001388, -0.003595, 
-0.000021, 0.000118, -0.000463, 0.001434, -0.003703, 
-0.000021, 0.000122, -0.000479, 0.001482, -0.003814, 
-0.000022, 0.000127, -0.000497, 0.001531, -0.003928, 
-0.000023, 0.000132, -0.000514, 0.001581, -0.004045, 
-0.000024, 0.000137, -0.000533, 0.001633, -0.004164, 
-0.000025, 0.000142, -0.000552, 0.001686, -0.004287, 
-0.000026, 0.000148, -0.000571, 0.001740, -0.004412, 
-0.000027, 0.000153, -0.000591, 0.001797, -0.004541, 
-0.000028, 0.000159, -0.000612, 0.001855, -0.004673, 
-0.000029, 0.000165, -0.000633, 0.001914, -0.004807, 
-0.000031, 0.000172, -0.000656, 0.001975, -0.004945, 
-0.000032, 0.000178, -0.000678, 0.002038, -0.005087, 
-0.000033, 0.000185, -0.000702, 0.002103, -0.005231, 
-0.000034, 0.000192, -0.000726, 0.002169, -0.005379, 
-0.000036, 0.000199, -0.000751, 0.002237, -0.005531, 
-0.000037, 0.000206, -0.000777, 0.002307, -0.005686, 
-0.000039, 0.000214, -0.000804, 0.002379, -0.005844, 
-0.000040, 0.000222, -0.000831, 0.002453, -0.006006, 
-0.000042, 0.000230, -0.000859, 0.002529, -0.006172, 
-0.000044, 0.000238, -0.000888, 0.002607, -0.006342, 
-0.000045, 0.000247, -0.000918, 0.002687, -0.006515, 
-0.000047, 0.000256, -0.000949, 0.002769, -0.006692, 
-0.000049, 0.000265, -0.000981, 0.002853, -0.006872, 
-0.000051, 0.000275, -0.001014, 0.002939, -0.007057, 
-0.000053, 0.000285, -0.001048, 0.003028, -0.007246, 
-0.000055, 0.000295, -0.001082, 0.003118, -0.007438, 
-0.000057, 0.000306, -0.001118, 0.003212, -0.007635, 
-0.000059, 0.000317, -0.001155, 0.003307, -0.007835, 
-0.000061, 0.000328, -0.001193, 0.003405, -0.008040, 
-0.000064, 0.000340, -0.001232, 0.003505, -0.008249, 
-0.000066, 0.000352, -0.001272, 0.003608, -0.008463, 
-0.000069, 0.000364, -0.001313, 0.003714, -0.008680, 
-0.000071, 0.000377, -0.001355, 0.003822, -0.008902, 
-0.000074, 0.000390, -0.001399, 0.003932, -0.009128, 
-0.000077, 0.000404, -0.001444, 0.004046, -0.009359, 
-0.000080, 0.000418, -0.001490, 0.004162, -0.009594, 
-0.000083, 0.000433, -0.001537, 0.004281, -0.009834, 
-0.000086, 0.000448, -0.001586, 0.004402, -0.010078, 
-0.000089, 0.000463, -0.001636, 0.004527, -0.010327, 
-0.000092, 0.000479, -0.001688, 0.004654, -0.010580, 
-0.000096, 0.000496, -0.001740, 0.004785, -0.010838, 
-0.000099, 0.000512, -0.001795, 0.004918, -0.011101, 
-0.000103, 0.000530, -0.001851, 0.005055, -0.011368, 
-0.000107, 0.000548, -0.001908, 0.005194, -0.011640, 
-0.000111, 0.000567, -0.001967, 0.005337, -0.011917, 
-0.000115, 0.000586, -0.002027, 0.005483, -0.012198, 
-0.000119, 0.000606, -0.002089, 0.005633, -0.012485, 
-0.000123, 0.000626, -0.002153, 0.005785, -0.012776, 
-0.000128, 0.000647, -0.002218, 0.005941, -0.013072, 
-0.000132, 0.000668, -0.002286, 0.006101, -0.013373, 
-0.000137, 0.000691, -0.002354, 0.006263, -0.013679, 
-0.000142, 0.000714, -0.002425, 0.006430, -0.013990, 
-0.000147, 0.000737, -0.002498, 0.006600, -0.014306, 
-0.000153, 0.000761, -0.002572, 0.006773, -0.014627, 
-0.000158, 0.000786, -0.002648, 0.006950, -0.014953, 
-0.000164, 0.000812, -0.002726, 0.007131, -0.015283, 
-0.000170, 0.000839, -0.002806, 0.007315, -0.015619, 
-0.000176, 0.000866, -0.002888, 0.007504, -0.015959, 
-0.000182, 0.000894, -0.002973, 0.007696, -0.016304, 
-0.000188, 0.000923, -0.003059, 0.007892, -0.016654, 
-0.000195, 0.000952, -0.003147, 0.008091, -0.017009, 
-0.000202, 0.000983, -0.003238, 0.008295, -0.017369, 
-0.000209, 0.001014, -0.003331, 0.008503, -0.017734, 
-0.000216, 0.001046, -0.003426, 0.008715, -0.018104, 
-0.000223, 0.001080, -0.003523, 0.008931, -0.018479, 
-0.000231, 0.001114, -0.003623, 0.009151, -0.018859, 
-0.000239, 0.001149, -0.003725, 0.009375, -0.019244, 
-0.000247, 0.001185, -0.003829, 0.009604, -0.019634, 
-0.000256, 0.001222, -0.003936, 0.009837, -0.020028, 
-0.000265, 0.001260, -0.004046, 0.010074, -0.020427, 
-0.000274, 0.001299, -0.004158, 0.010316, -0.020831, 
-0.000283, 0.001339, -0.004272, 0.010561, -0.021239, 
-0.000292, 0.001381, -0.004389, 0.010812, -0.021652, 
-0.000302, 0.001423, -0.004509, 0.011066, -0.022069, 
-0.000313, 0.001466, -0.004632, 0.011325, -0.022491, 
-0.000323, 0.001511, -0.004757, 0.011589, -0.022917, 
-0.000334, 0.001557, -0.004885, 0.011857, -0.023348, 
-0.000345, 0.001604, -0.005017, 0.012129, -0.023783, 
-0.000357, 0.001652, -0.005150, 0.012407, -0.024223, 
-0.000368, 0.001702, -0.005287, 0.012689, -0.024666, 
-0.000381, 0.001753, -0.005427, 0.012975, -0.025113, 
-0.000393, 0.001805, -0.005570, 0.013266, -0.025565, 
-0.000406, 0.001859, -0.005716, 0.013562, -0.026020, 
-0.000419, 0.001914, -0.005865, 0.013862, -0.026479, 
-0.000433, 0.001970, -0.006017, 0.014167, -0.026941, 
-0.000447, 0.002028, -0.006173, 0.014476, -0.027407, 
-0.000462, 0.002087, -0.006331, 0.014791, -0.027876, 
-0.000477, 0.002148, -0.006493, 0.015110, -0.028349, 
-0.000492, 0.002211, -0.006658, 0.015434, -0.028825, 
-0.000508, 0.002274, -0.006827, 0.015762, -0.029304, 
-0.000524, 0.002340, -0.006999, 0.016096, -0.029786, 
-0.000541, 0.002407, -0.007174, 0.016434, -0.030271, 
-0.000558, 0.002476, -0.007353, 0.016776, -0.030758, 
-0.000576, 0.002546, -0.007536, 0.017124, -0.031248, 
-0.000594, 0.002618, -0.007722, 0.017476, -0.031740, 
-0.000613, 0.002692, -0.007912, 0.017833, -0.032235, 
-0.000632, 0.002768, -0.008105, 0.018194, -0.032731, 
-0.000652, 0.002846, -0.008302, 0.018560, -0.033229, 
-0.000672, 0.002925, -0.008503, 0.018930, -0.033728, 
-0.000693, 0.003006, -0.008707, 0.019305, -0.034229, 
-0.000715, 0.003089, -0.008915, 0.019685, -0.034731, 
-0.000737, 0.003174, -0.009127, 0.020069, -0.035234, 
-0.000759, 0.003261, -0.009343, 0.020458, -0.035738, 
-0.000783, 0.003350, -0.009563, 0.020851, -0.036242, 
-0.000807, 0.003442, -0.009787, 0.021249, -0.036748, 
-0.000831, 0.003535, -0.010015, 0.021651, -0.037253, 
-0.000857, 0.003630, -0.010247, 0.022057, -0.037759, 
-0.000883, 0.003728, -0.010483, 0.022468, -0.038265, 
-0.000909, 0.003827, -0.010723, 0.022883, -0.038770, 
-0.000937, 0.003929, -0.010967, 0.023303, -0.039275, 
-0.000965, 0.004034, -0.011215, 0.023726, -0.039778, 
-0.000994, 0.004140, -0.011468, 0.024153, -0.040280, 
-0.001023, 0.004249, -0.011724, 0.024585, -0.040781, 
-0.001054, 0.004360, -0.011985, 0.025020, -0.041281, 
-0.001085, 0.004474, -0.012250, 0.025459, -0.041778, 
-0.001117, 0.004590, -0.012520, 0.025902, -0.042274, 
-0.001150, 0.004709, -0.012793, 0.026349, -0.042767, 
-0.001183, 0.004830, -0.013071, 0.026799, -0.043257, 
-0.001218, 0.004953, -0.013353, 0.027253, -0.043744, 
-0.001253, 0.005080, -0.013640, 0.027710, -0.044228, 
-0.001289, 0.005209, -0.013931, 0.028170, -0.044708, 
-0.001327, 0.005340, -0.014226, 0.028634, -0.045184, 
-0.001365, 0.005474, -0.014526, 0.029100, -0.045656, 
-0.001404, 0.005611, -0.014830, 0.029569, -0.046124, 
-0.001444, 0.005751, -0.015138, 0.030042, -0.046586, 
-0.001485, 0.005894, -0.015451, 0.030516, -0.047043, 
-0.001527, 0.006039, -0.015768, 0.030994, -0.047495, 
-0.001570, 0.006187, -0.016089, 0.031474, -0.047942, 
-0.001615, 0.006339, -0.016415, 0.031956, -0.048382, 
-0.001660, 0.006493, -0.016746, 0.032441, -0.048816, 
-0.001706, 0.006650, -0.017081, 0.032928, -0.049244, 
-0.001754, 0.006811, -0.017420, 0.033416, -0.049664, 
-0.001802, 0.006974, -0.017763, 0.033906, -0.050077, 
-0.001852, 0.007141, -0.018111, 0.034398, -0.050482, 
-0.001903, 0.007310, -0.018463, 0.034890, -0.050879, 
-0.001955, 0.007483, -0.018820, 0.035385, -0.051267, 
-0.002009, 0.007659, -0.019181, 0.035880, -0.051647, 
-0.002064, 0.007838, -0.019546, 0.036375, -0.052017, 
-0.002120, 0.008021, -0.019915, 0.036872, -0.052378, 
-0.002177, 0.008206, -0.020288, 0.037368, -0.052729, 
-0.002235, 0.008395, -0.020666, 0.037865, -0.053069, 
-0.002295, 0.008588, -0.021048, 0.038363, -0.053400, 
-0.002357, 0.008784, -0.021434, 0.038860, -0.053719, 
-0.002419, 0.008983, -0.021824, 0.039356, -0.054027, 
-0.002483, 0.009186, -0.022218, 0.039853, -0.054324, 
-0.002549, 0.009392, -0.022617, 0.040348, -0.054610, 
-0.002616, 0.009602, -0.023019, 0.040843, -0.054882, 
-0.002684, 0.009815, -0.023425, 0.041336, -0.055142, 
-0.002754, 0.010032, -0.023835, 0.041828, -0.055389, 
-0.002826, 0.010253, -0.024249, 0.042318, -0.055624, 
-0.002899, 0.010477, -0.024667, 0.042807, -0.055844, 
-0.002974, 0.010705, -0.025088, 0.043293, -0.056051, 
-0.003050, 0.010937, -0.025513, 0.043777, -0.056243, 
-0.003128, 0.011172, -0.025942, 0.044258, -0.056421, 
-0.003208, 0.011411, -0.026374, 0.044737, -0.056583, 
-0.003289, 0.011654, -0.026810, 0.045212, -0.056731, 
-0.003372, 0.011901, -0.027249, 0.045684, -0.056863, 
-0.003457, 0.012152, -0.027691, 0.046152, -0.056979, 
-0.003544, 0.012406, -0.028136, 0.046617, -0.057079, 
-0.003633, 0.012664, -0.028585, 0.047077, -0.057163, 
-0.003723, 0.012926, -0.029037, 0.047534, -0.057230, 
-0.003815, 0.013193, -0.029492, 0.047986, -0.057280, 
-0.003909, 0.013463, -0.029950, 0.048433, -0.057313, 
-0.004005, 0.013737, -0.030410, 0.048874, -0.057328, 
-0.004103, 0.014014, -0.030873, 0.049310, -0.057325, 
-0.004203, 0.014296, -0.031339, 0.049740, -0.057304, 
-0.004305, 0.014582, -0.031807, 0.050163, -0.057264, 
-0.004409, 0.014872, -0.032277, 0.050581, -0.057205, 
-0.004515, 0.015165, -0.032750, 0.050991, -0.057127, 
-0.004623, 0.015463, -0.033224, 0.051395, -0.057031, 
-0.004734, 0.015765, -0.033701, 0.051792, -0.056915, 
-0.004846, 0.016070, -0.034179, 0.052180, -0.056778, 
-0.004961, 0.016380, -0.034659, 0.052561, -0.056623, 
-0.005077, 0.016694, -0.035140, 0.052934, -0.056446, 
-0.005196, 0.017011, -0.035623, 0.053298, -0.056250, 
-0.005317, 0.017333, -0.036107, 0.053653, -0.056032, 
-0.005441, 0.017658, -0.036591, 0.053998, -0.055793, 
-0.005567, 0.017987, -0.037077, 0.054334, -0.055534, 
-0.005695, 0.018320, -0.037563, 0.054660, -0.055253, 
-0.005825, 0.018658, -0.038049, 0.054975, -0.054950, 
-0.005958, 0.018999, -0.038536, 0.055280, -0.054627, 
-0.006093, 0.019344, -0.039023, 0.055575, -0.054281, 
-0.006231, 0.019692, -0.039511, 0.055858, -0.053914, 
-0.006371, 0.020045, -0.039998, 0.056130, -0.053525, 
-0.006514, 0.020401, -0.040484, 0.056390, -0.053115, 
-0.006659, 0.020762, -0.040970, 0.056638, -0.052682, 
-0.006807, 0.021126, -0.041456, 0.056874, -0.052228, 
-0.006957, 0.021494, -0.041940, 0.057098, -0.051751, 
-0.007110, 0.021865, -0.042424, 0.057308, -0.051253, 
-0.007266, 0.022241, -0.042907, 0.057506, -0.050732, 
-0.007424, 0.022620, -0.043388, 0.057690, -0.050190, 
-0.007585, 0.023003, -0.043868, 0.057861, -0.049626, 
-0.007749, 0.023390, -0.044345, 0.058018, -0.049040, 
-0.007915, 0.023780, -0.044821, 0.058160, -0.048433, 
-0.008084, 0.024174, -0.045295, 0.058288, -0.047803, 
-0.008256, 0.024571, -0.045766, 0.058401, -0.047152, 
-0.008431, 0.024972, -0.046234, 0.058499, -0.046479, 
-0.008609, 0.025376, -0.046700, 0.058582, -0.045785, 
-0.008790, 0.025784, -0.047163, 0.058649, -0.045069, 
-0.008973, 0.026195, -0.047622, 0.058701, -0.044333, 
-0.009160, 0.026610, -0.048079, 0.058737, -0.043576, 
-0.009349, 0.027027, -0.048531, 0.058756, -0.042797, 
-0.009541, 0.027448, -0.048979, 0.058758, -0.041998, 
-0.009737, 0.027872, -0.049423, 0.058744, -0.041178, 
-0.009935, 0.028299, -0.049862, 0.058712, -0.040339, 
-0.010136, 0.028729, -0.050297, 0.058664, -0.039479, 
-0.010341, 0.029162, -0.050727, 0.058598, -0.038600, 
-0.010548, 0.029598, -0.051152, 0.058514, -0.037701, 
-0.010759, 0.030036, -0.051571, 0.058412, -0.036783, 
-0.010973, 0.030478, -0.051985, 0.058293, -0.035847, 
-0.011190, 0.030922, -0.052393, 0.058155, -0.034893, 
-0.011410, 0.031368, -0.052794, 0.057998, -0.033920, 
-0.011633, 0.031817, -0.053189, 0.057823, -0.032929, 
-0.011859, 0.032268, -0.053578, 0.057628, -0.031921, 
-0.012089, 0.032721, -0.053959, 0.057414, -0.030896, 
-0.012322, 0.033177, -0.054332, 0.057182, -0.029854, 
-0.012558, 0.033634, -0.054698, 0.056929, -0.028796, 
-0.012797, 0.034093, -0.055057, 0.056657, -0.027723, 
-0.013039, 0.034554, -0.055407, 0.056366, -0.026634, 
-0.013285, 0.035017, -0.055749, 0.056054, -0.025531, 
-0.013534, 0.035482, -0.056083, 0.055724, -0.024414, 
-0.013786, 0.035948, -0.056408, 0.055373, -0.023283, 
-0.014042, 0.036415, -0.056723, 0.055001, -0.022139, 
-0.014301, 0.036884, -0.057029, 0.054610, -0.020982, 
-0.014563, 0.037353, -0.057325, 0.054199, -0.019814, 
-0.014828, 0.037823, -0.057611, 0.053766, -0.018633, 
-0.015097, 0.038295, -0.057886, 0.053314, -0.017442, 
-0.015369, 0.038767, -0.058152, 0.052841, -0.016242, 
-0.015644, 0.039239, -0.058407, 0.052349, -0.015031, 
-0.015923, 0.039713, -0.058651, 0.051835, -0.013812, 
-0.016205, 0.040186, -0.058883, 0.051302, -0.012585, 
-0.016490, 0.040660, -0.059105, 0.050749, -0.011350, 
-0.016779, 0.041134, -0.059315, 0.050175, -0.010109, 
-0.017071, 0.041608, -0.059512, 0.049581, -0.008861, 
-0.017366, 0.042082, -0.059698, 0.048967, -0.007608, 
-0.017664, 0.042555, -0.059871, 0.048333, -0.006350, 
-0.017967, 0.043028, -0.060032, 0.047680, -0.005089, 
-0.018272, 0.043501, -0.060180, 0.047007, -0.003824, 
-0.018581, 0.043973, -0.060315, 0.046314, -0.002557, 
-0.018893, 0.044444, -0.060437, 0.045602, -0.001289, 
-0.019209, 0.044914, -0.060545, 0.044870, -0.000019, 
-0.019527, 0.045383, -0.060640, 0.044119, 0.001251, 
-0.019850, 0.045850, -0.060720, 0.043350, 0.002519, 
-0.020175, 0.046316, -0.060787, 0.042562, 0.003786, 
-0.020504, 0.046780, -0.060839, 0.041755, 0.005050, 
-0.020836, 0.047242, -0.060876, 0.040929, 0.006311, 
-0.021171, 0.047702, -0.060899, 0.040085, 0.007569, 
-0.021509, 0.048160, -0.060906, 0.039224, 0.008821, 
-0.021851, 0.048615, -0.060897, 0.038344, 0.010068, 
-0.022196, 0.049067, -0.060873, 0.037447, 0.011308, 
-0.022543, 0.049516, -0.060834, 0.036532, 0.012540, 
-0.022895, 0.049963, -0.060779, 0.035601, 0.013765, 
-0.023249, 0.050406, -0.060707, 0.034654, 0.014980, 
-0.023606, 0.050847, -0.060620, 0.033690, 0.016185, 
-0.023966, 0.051283, -0.060516, 0.032710, 0.017379, 
-0.024330, 0.051716, -0.060396, 0.031715, 0.018562, 
-0.024696, 0.052145, -0.060259, 0.030705, 0.019732, 
-0.025066, 0.052570, -0.060105, 0.029681, 0.020889, 
-0.025438, 0.052991, -0.059935, 0.028642, 0.022031, 
-0.025814, 0.053407, -0.059748, 0.027590, 0.023159, 
-0.026192, 0.053819, -0.059544, 0.026523, 0.024270, 
-0.026574, 0.054225, -0.059322, 0.025444, 0.025365, 
-0.026958, 0.054627, -0.059083, 0.024352, 0.026442, 
-0.027345, 0.055024, -0.058826, 0.023249, 0.027501, 
-0.027734, 0.055415, -0.058552, 0.022133, 0.028541, 
-0.028127, 0.055800, -0.058260, 0.021007, 0.029561, 
-0.028522, 0.056180, -0.057951, 0.019870, 0.030559, 
-0.028920, 0.056554, -0.057624, 0.018723, 0.031536, 
-0.029320, 0.056921, -0.057278, 0.017566, 0.032491, 
-0.029723, 0.057282, -0.056915, 0.016400, 0.033423, 
-0.030129, 0.057636, -0.056534, 0.015226, 0.034331, 
-0.030537, 0.057984, -0.056135, 0.014044, 0.035214, 
-0.030948, 0.058325, -0.055719, 0.012855, 0.036072, 
-0.031361, 0.058659, -0.055284, 0.011659, 0.036904, 
-0.031776, 0.058986, -0.054832, 0.010457, 0.037709, 
-0.032194, 0.059305, -0.054361, 0.009249, 0.038487, 
-0.032613, 0.059616, -0.053873, 0.008036, 0.039236, 
-0.033035, 0.059919, -0.053366, 0.006820, 0.039957, 
-0.033459, 0.060213, -0.052841, 0.005599, 0.040648, 
-0.033885, 0.060499, -0.052298, 0.004375, 0.041309, 
-0.034313, 0.060777, -0.051738, 0.003149, 0.041940, 
-0.034743, 0.061045, -0.051159, 0.001922, 0.042538, 
-0.035174, 0.061305, -0.050563, 0.000693, 0.043105, 
-0.035607, 0.061555, -0.049949, -0.000536, 0.043640, 
-0.036043, 0.061797, -0.049317, -0.001765, 0.044143, 
-0.036480, 0.062029, -0.048668, -0.002993, 0.044612, 
-0.036919, 0.062252, -0.048003, -0.004219, 0.045047, 
-0.037359, 0.062464, -0.047320, -0.005443, 0.045449, 
-0.037801, 0.062667, -0.046619, -0.006664, 0.045816, 
-0.038244, 0.062860, -0.045903, -0.007881, 0.046148, 
-0.038689, 0.063042, -0.045169, -0.009093, 0.046445, 
-0.039134, 0.063214, -0.044419, -0.010301, 0.046706, 
-0.039582, 0.063376, -0.043653, -0.011502, 0.046932, 
-0.040030, 0.063526, -0.042870, -0.012697, 0.047121, 
-0.040479, 0.063665, -0.042071, -0.013885, 0.047273, 
-0.040929, 0.063793, -0.041256, -0.015065, 0.047389, 
-0.041381, 0.063910, -0.040426, -0.016236, 0.047469, 
-0.041833, 0.064015, -0.039581, -0.017397, 0.047511, 
-0.042286, 0.064109, -0.038721, -0.018549, 0.047516, 
-0.042740, 0.064191, -0.037845, -0.019690, 0.047484, 
-0.043194, 0.064262, -0.036955, -0.020819, 0.047415, 
-0.043649, 0.064319, -0.036051, -0.021936, 0.047308, 
-0.044104, 0.064365, -0.035133, -0.023040, 0.047163, 
-0.044559, 0.064399, -0.034201, -0.024130, 0.046982, 
-0.045015, 0.064419, -0.033255, -0.025206, 0.046763, 
-0.045471, 0.064427, -0.032296, -0.026267, 0.046506, 
-0.045927, 0.064423, -0.031324, -0.027312, 0.046213, 
-0.046383, 0.064405, -0.030340, -0.028341, 0.045883, 
-0.046839, 0.064375, -0.029343, -0.029353, 0.045516, 
-0.047295, 0.064331, -0.028335, -0.030346, 0.045112, 
-0.047750, 0.064274, -0.027315, -0.031322, 0.044672, 
-0.048204, 0.064203, -0.026284, -0.032278, 0.044196, 
-0.048658, 0.064118, -0.025242, -0.033215, 0.043683, 
-0.049112, 0.064020, -0.024189, -0.034131, 0.043135, 
-0.049564, 0.063907, -0.023127, -0.035026, 0.042552, 
-0.050016, 0.063782, -0.022055, -0.035900, 0.041934, 
-0.050468, 0.063643, -0.020973, -0.036752, 0.041282, 
-0.050918, 0.063489, -0.019883, -0.037580, 0.040597, 
-0.051367, 0.063322, -0.018785, -0.038386, 0.039878, 
-0.051815, 0.063140, -0.017679, -0.039167, 0.039126, 
-0.052261, 0.062944, -0.016565, -0.039923, 0.038341, 
-0.052706, 0.062734, -0.015444, -0.040655, 0.037525, 
-0.053150, 0.062509, -0.014317, -0.041362, 0.036678, 
-0.053592, 0.062270, -0.013183, -0.042042, 0.035800, 
-0.054032, 0.062016, -0.012043, -0.042695, 0.034893, 
-0.054470, 0.061748, -0.010898, -0.043322, 0.033956, 
-0.054907, 0.061465, -0.009749, -0.043921, 0.032992, 
-0.055341, 0.061168, -0.008595, -0.044491, 0.031999, 
-0.055773, 0.060856, -0.007438, -0.045033, 0.030980, 
-0.056203, 0.060529, -0.006277, -0.045547, 0.029934, 
-0.056629, 0.060187, -0.005113, -0.046031, 0.028863, 
-0.057054, 0.059830, -0.003947, -0.046485, 0.027767, 
-0.057475, 0.059459, -0.002779, -0.046909, 0.026649, 
-0.057894, 0.059072, -0.001610, -0.047303, 0.025507, 
-0.058311, 0.058672, -0.000440, -0.047666, 0.024344, 
-0.058724, 0.058257, 0.000729, -0.047998, 0.023160, 
-0.059135, 0.057827, 0.001898, -0.048299, 0.021957, 
-0.059542, 0.057382, 0.003067, -0.048568, 0.020735, 
-0.059946, 0.056923, 0.004234, -0.048806, 0.019495, 
-0.060347, 0.056449, 0.005399, -0.049011, 0.018239, 
-0.060743, 0.055960, 0.006562, -0.049184, 0.016966, 
-0.061137, 0.055457, 0.007722, -0.049325, 0.015679, 
-0.061526, 0.054939, 0.008879, -0.049433, 0.014379, 
-0.061912, 0.054407, 0.010031, -0.049508, 0.013066, 
-0.062294, 0.053861, 0.011179, -0.049551, 0.011741, 
-0.062672, 0.053301, 0.012321, -0.049560, 0.010407, 
-0.063046, 0.052726, 0.013457, -0.049537, 0.009064, 
-0.063417, 0.052138, 0.014588, -0.049481, 0.007713, 
-0.063783, 0.051536, 0.015711, -0.049391, 0.006356, 
-0.064144, 0.050919, 0.016828, -0.049269, 0.004992, 
-0.064501, 0.050290, 0.017936, -0.049114, 0.003625, 
-0.064854, 0.049646, 0.019036, -0.048926, 0.002254, 
-0.065202, 0.048989, 0.020127, -0.048706, 0.000881, 
-0.065546, 0.048319, 0.021209, -0.048452, -0.000492, 
-0.065885, 0.047636, 0.022281, -0.048166, -0.001866, 
-0.066219, 0.046940, 0.023342, -0.047848, -0.003237, 
-0.066548, 0.046232, 0.024392, -0.047497, -0.004606, 
-0.066874, 0.045511, 0.025430, -0.047116, -0.005970, 
-0.067194, 0.044777, 0.026457, -0.046702, -0.007329, 
-0.067509, 0.044031, 0.027471, -0.046257, -0.008682, 
-0.067819, 0.043273, 0.028472, -0.045780, -0.010028, 
-0.068124, 0.042503, 0.029460, -0.045272, -0.011364, 
-0.068423, 0.041722, 0.030433, -0.044734, -0.012690, 
-0.068717, 0.040928, 0.031391, -0.044165, -0.014005, 
-0.069005, 0.040123, 0.032335, -0.043566, -0.015308, 
-0.069288, 0.039307, 0.033263, -0.042938, -0.016598, 
-0.069564, 0.038479, 0.034175, -0.042280, -0.017873, 
-0.069835, 0.037640, 0.035070, -0.041593, -0.019132, 
-0.070101, 0.036791, 0.035949, -0.040877, -0.020374, 
-0.070360, 0.035931, 0.036810, -0.040134, -0.021599, 
-0.070613, 0.035062, 0.037653, -0.039363, -0.022803, 
-0.070860, 0.034181, 0.038477, -0.038565, -0.023988, 
-0.071101, 0.033292, 0.039284, -0.037740, -0.025152, 
-0.071336, 0.032392, 0.040071, -0.036890, -0.026293, 
-0.071565, 0.031484, 0.040838, -0.036015, -0.027411, 
-0.071787, 0.030566, 0.041585, -0.035114, -0.028504, 
-0.072002, 0.029640, 0.042312, -0.034189, -0.029572, 
-0.072211, 0.028705, 0.043018, -0.033241, -0.030613, 
-0.072413, 0.027761, 0.043703, -0.032269, -0.031628, 
-0.072609, 0.026809, 0.044366, -0.031275, -0.032614, 
-0.072797, 0.025849, 0.045007, -0.030259, -0.033571, 
-0.072978, 0.024881, 0.045627, -0.029222, -0.034498, 
-0.073153, 0.023906, 0.046223, -0.028165, -0.035394, 
-0.073320, 0.022924, 0.046796, -0.027088, -0.036258, 
-0.073480, 0.021935, 0.047346, -0.025992, -0.037089, 
-0.073633, 0.020940, 0.047873, -0.024878, -0.037888, 
-0.073780, 0.019939, 0.048376, -0.023748, -0.038652, 
-0.073919, 0.018931, 0.048855, -0.022600, -0.039382, 
-0.074051, 0.017918, 0.049309, -0.021437, -0.040076, 
-0.074175, 0.016900, 0.049739, -0.020258, -0.040734, 
-0.074292, 0.015877, 0.050144, -0.019066, -0.041356, 
-0.074402, 0.014848, 0.050524, -0.017860, -0.041941, 
-0.074504, 0.013816, 0.050879, -0.016642, -0.042487, 
-0.074599, 0.012779, 0.051209, -0.015411, -0.042996, 
-0.074686, 0.011738, 0.051512, -0.014171, -0.043466, 
-0.074766, 0.010694, 0.051791, -0.012920, -0.043896, 
-0.074839, 0.009647, 0.052043, -0.011660, -0.044288, 
-0.074904, 0.008597, 0.052269, -0.010392, -0.044639, 
-0.074963, 0.007544, 0.052470, -0.009117, -0.044951, 
-0.075013, 0.006489, 0.052644, -0.007836, -0.045222, 
-0.075056, 0.005432, 0.052791, -0.006549, -0.045452, 
-0.075091, 0.004373, 0.052912, -0.005257, -0.045641, 
-0.075118, 0.003313, 0.053007, -0.003962, -0.045789, 
-0.075138, 0.002252, 0.053075, -0.002663, -0.045896, 
-0.075150, 0.001190, 0.053117, -0.001363, -0.045962, 
-0.075156, 0.000128, 0.053132, -0.000062, -0.045986, 
-0.075153, -0.000934, 0.053120, 0.001239, -0.045969, 
-0.075142, -0.001996, 0.053082, 0.002539, -0.045910, 
-0.075124, -0.003057, 0.053017, 0.003837, -0.045810, 
-0.075099, -0.004117, 0.052925, 0.005133, -0.045669, 
-0.075066, -0.005176, 0.052808, 0.006425, -0.045486, 
-0.075026, -0.006234, 0.052663, 0.007713, -0.045263, 
-0.074977, -0.007289, 0.052492, 0.008995, -0.044999, 
-0.074922, -0.008343, 0.052296, 0.010271, -0.044694, 
-0.074860, -0.009394, 0.052073, 0.011539, -0.044349, 
-0.074790, -0.010441, 0.051824, 0.012800, -0.043965, 
-0.074712, -0.011486, 0.051549, 0.014051, -0.043541, 
-0.074627, -0.012528, 0.051249, 0.015293, -0.043077, 
-0.074535, -0.013565, 0.050923, 0.016524, -0.042575, 
-0.074435, -0.014599, 0.050571, 0.017744, -0.042035, 
-0.074327, -0.015628, 0.050193, 0.018951, -0.041456, 
-0.074212, -0.016653, 0.049791, 0.020145, -0.040840, 
-0.074089, -0.017672, 0.049364, 0.021325, -0.040188, 
-0.073960, -0.018687, 0.048913, 0.022489, -0.039500, 
-0.073823, -0.019695, 0.048437, 0.023638, -0.038776, 
-0.073679, -0.020698, 0.047937, 0.024771, -0.038017, 
-0.073527, -0.021695, 0.047412, 0.025886, -0.037224, 
-0.073367, -0.022685, 0.046864, 0.026983, -0.036397, 
-0.073201, -0.023668, 0.046293, 0.028062, -0.035538, 
-0.073028, -0.024645, 0.045699, 0.029121, -0.034647, 
-0.072848, -0.025614, 0.045083, 0.030159, -0.033725, 
-0.072662, -0.026576, 0.044444, 0.031177, -0.032773, 
-0.072469, -0.027530, 0.043784, 0.032173, -0.031792, 
-0.072269, -0.028476, 0.043101, 0.033147, -0.030782, 
-0.072062, -0.029413, 0.042398, 0.034098, -0.029745, 
-0.071849, -0.030342, 0.041674, 0.035025, -0.028681, 
-0.071629, -0.031262, 0.040929, 0.035928, -0.027592, 
-0.071404, -0.032174, 0.040164, 0.036807, -0.026478, 
-0.071171, -0.033076, 0.039380, 0.037660, -0.025341, 
-0.070933, -0.033968, 0.038577, 0.038488, -0.024181, 
-0.070690, -0.034851, 0.037755, 0.039289, -0.023000, 
-0.070439, -0.035724, 0.036915, 0.040063, -0.021799, 
-0.070183, -0.036587, 0.036057, 0.040810, -0.020579, 
-0.069921, -0.037440, 0.035181, 0.041529, -0.019340, 
-0.069654, -0.038281, 0.034289, 0.042219, -0.018085, 
-0.069380, -0.039112, 0.033379, 0.042880, -0.016813, 
-0.069100, -0.039931, 0.032454, 0.043512, -0.015526, 
-0.068814, -0.040740, 0.031513, 0.044114, -0.014225, 
-0.068522, -0.041536, 0.030556, 0.044686, -0.012912, 
-0.068225, -0.042321, 0.029585, 0.045227, -0.011588, 
-0.067922, -0.043094, 0.028599, 0.045738, -0.010253, 
-0.067614, -0.043855, 0.027600, 0.046217, -0.008909, 
-0.067301, -0.044603, 0.026588, 0.046665, -0.007558, 
-0.066982, -0.045339, 0.025562, 0.047082, -0.006200, 
-0.066658, -0.046063, 0.024525, 0.047466, -0.004836, 
-0.066328, -0.046774, 0.023476, 0.047818, -0.003468, 
-0.065994, -0.047471, 0.022416, 0.048138, -0.002097, 
-0.065654, -0.048156, 0.021344, 0.048425, -0.000724, 
-0.065310, -0.048828, 0.020263, 0.048680, 0.000650, 
-0.064962, -0.049486, 0.019173, 0.048902, 0.002022, 
-0.064609, -0.050131, 0.018073, 0.049092, 0.003394, 
-0.064251, -0.050763, 0.016965, 0.049248, 0.004762, 
-0.063889, -0.051381, 0.015849, 0.049372, 0.006126, 
-0.063524, -0.051986, 0.014726, 0.049463, 0.007484, 
-0.063154, -0.052576, 0.013595, 0.049521, 0.008837, 
-0.062779, -0.053153, 0.012459, 0.049546, 0.010182, 
-0.062401, -0.053716, 0.011317, 0.049538, 0.011517, 
-0.062019, -0.054264, 0.010169, 0.049498, 0.012843, 
-0.061634, -0.054799, 0.009017, 0.049424, 0.014158, 
-0.061244, -0.055319, 0.007861, 0.049318, 0.015460, 
-0.060851, -0.055825, 0.006701, 0.049180, 0.016750, 
-0.060455, -0.056317, 0.005538, 0.049009, 0.018025, 
-0.060055, -0.056794, 0.004372, 0.048807, 0.019284, 
-0.059651, -0.057257, 0.003205, 0.048571, 0.020528, 
-0.059245, -0.057705, 0.002036, 0.048305, 0.021753, 
-0.058835, -0.058138, 0.000866, 0.048007, 0.022960, 
-0.058423, -0.058558, -0.000305, 0.047678, 0.024148, 
-0.058007, -0.058962, -0.001475, 0.047317, 0.025315, 
-0.057590, -0.059352, -0.002644, 0.046926, 0.026460, 
-0.057169, -0.059727, -0.003812, 0.046505, 0.027584, 
-0.056746, -0.060088, -0.004979, 0.046054, 0.028684, 
-0.056320, -0.060434, -0.006143, 0.045572, 0.029759, 
-0.055892, -0.060765, -0.007305, 0.045062, 0.030810, 
-0.055462, -0.061082, -0.008463, 0.044523, 0.031835, 
-0.055029, -0.061384, -0.009618, 0.043956, 0.032832, 
-0.054595, -0.061672, -0.010769, 0.043360, 0.033803, 
-0.054158, -0.061945, -0.011915, 0.042737, 0.034745, 
-0.053719, -0.062203, -0.013056, 0.042087, 0.035659, 
-0.053279, -0.062447, -0.014190, 0.041410, 0.036542, 
-0.052837, -0.062676, -0.015319, 0.040706, 0.037395, 
-0.052393, -0.062891, -0.016442, 0.039977, 0.038217, 
-0.051947, -0.063091, -0.017557, 0.039223, 0.039007, 
-0.051500, -0.063276, -0.018664, 0.038444, 0.039765, 
-0.051052, -0.063448, -0.019764, 0.037641, 0.040490, 
-0.050603, -0.063605, -0.020855, 0.036814, 0.041182, 
-0.050152, -0.063748, -0.021938, 0.035965, 0.041840, 
-0.049701, -0.063878, -0.023011, 0.035094, 0.042463, 
-0.049249, -0.063993, -0.024075, 0.034201, 0.043053, 
-0.048796, -0.064095, -0.025129, 0.033287, 0.043607, 
-0.048343, -0.064184, -0.026172, 0.032352, 0.044125, 
-0.047889, -0.064258, -0.027205, 0.031398, 0.044608, 
-0.047434, -0.064319, -0.028226, 0.030425, 0.045054, 
-0.046979, -0.064366, -0.029236, 0.029432, 0.045464, 
-0.046524, -0.064400, -0.030234, 0.028422, 0.045837, 
-0.046068, -0.064421, -0.031220, 0.027395, 0.046174, 
-0.045612, -0.064429, -0.032193, 0.026352, 0.046473, 
-0.045156, -0.064424, -0.033153, 0.025292, 0.046735, 
-0.044701, -0.064405, -0.034100, 0.024217, 0.046960, 
-0.044245, -0.064375, -0.035034, 0.023127, 0.047147, 
-0.043790, -0.064332, -0.035954, 0.022024, 0.047297, 
-0.043335, -0.064277, -0.036859, 0.020909, 0.047410, 
-0.042881, -0.064210, -0.037751, 0.019781, 0.047485, 
-0.042427, -0.064130, -0.038628, 0.018641, 0.047523, 
-0.041973, -0.064039, -0.039490, 0.017490, 0.047523, 
-0.041521, -0.063935, -0.040337, 0.016329, 0.047487, 
-0.041069, -0.063821, -0.041168, 0.015158, 0.047413, 
-0.040618, -0.063695, -0.041984, 0.013979, 0.047302, 
-0.040169, -0.063558, -0.042784, 0.012792, 0.047155, 
-0.039720, -0.063410, -0.043568, 0.011598, 0.046971, 
-0.039273, -0.063251, -0.044336, 0.010397, 0.046751, 
-0.038826, -0.063080, -0.045087, 0.009190, 0.046495, 
-0.038381, -0.062899, -0.045822, 0.007977, 0.046203, 
-0.037937, -0.062708, -0.046539, 0.006760, 0.045875, 
-0.037494, -0.062507, -0.047241, 0.005540, 0.045513, 
-0.037053, -0.062295, -0.047925, 0.004316, 0.045116, 
-0.036613, -0.062073, -0.048591, 0.003089, 0.044684, 
-0.036175, -0.061843, -0.049241, 0.001862, 0.044219, 
-0.035739, -0.061602, -0.049873, 0.000632, 0.043721, 
-0.035304, -0.061351, -0.050487, -0.000597, 0.043189, 
-0.034871, -0.061092, -0.051084, -0.001826, 0.042625, 
-0.034440, -0.060824, -0.051662, -0.003054, 0.042030, 
-0.034011, -0.060546, -0.052223, -0.004281, 0.041403, 
-0.033583, -0.060260, -0.052766, -0.005504, 0.040745, 
-0.033157, -0.059965, -0.053291, -0.006725, 0.040056, 
-0.032734, -0.059662, -0.053798, -0.007943, 0.039339, 
-0.032312, -0.059351, -0.054287, -0.009156, 0.038592, 
-0.031893, -0.059032, -0.054758, -0.010365, 0.037817, 
-0.031476, -0.058706, -0.055212, -0.011568, 0.037015, 
-0.031062, -0.058372, -0.055647, -0.012765, 0.036186, 
-0.030650, -0.058032, -0.056064, -0.013955, 0.035331, 
-0.030241, -0.057684, -0.056464, -0.015138, 0.034450, 
-0.029834, -0.057330, -0.056845, -0.016313, 0.033545, 
-0.029430, -0.056969, -0.057209, -0.017480, 0.032615, 
-0.029028, -0.056601, -0.057555, -0.018638, 0.031663, 
-0.028628, -0.056228, -0.057883, -0.019786, 0.030688, 
-0.028232, -0.055848, -0.058193, -0.020924, 0.029691, 
-0.027838, -0.055463, -0.058485, -0.022051, 0.028674, 
-0.027447, -0.055072, -0.058760, -0.023168, 0.027636, 
-0.027059, -0.054676, -0.059018, -0.024273, 0.026580, 
-0.026674, -0.054274, -0.059258, -0.025366, 0.025504, 
-0.026292, -0.053868, -0.059480, -0.026446, 0.024411, 
-0.025912, -0.053457, -0.059686, -0.027513, 0.023301, 
-0.025535, -0.053040, -0.059874, -0.028567, 0.022175, 
-0.025162, -0.052619, -0.060045, -0.029608, 0.021034, 
-0.024791, -0.052194, -0.060199, -0.030634, 0.019879, 
-0.024423, -0.051765, -0.060336, -0.031645, 0.018710, 
-0.024058, -0.051332, -0.060457, -0.032641, 0.017528, 
-0.023696, -0.050894, -0.060561, -0.033622, 0.016335, 
-0.023337, -0.050454, -0.060648, -0.034586, 0.015130, 
-0.022981, -0.050010, -0.060720, -0.035535, 0.013915, 
-0.022629, -0.049563, -0.060775, -0.036467, 0.012692, 
-0.022280, -0.049113, -0.060815, -0.037383, 0.011460, 
-0.021934, -0.048660, -0.060840, -0.038282, 0.010220, 
-0.021590, -0.048204, -0.060848, -0.039163, 0.008974, 
-0.021251, -0.047747, -0.060842, -0.040026, 0.007722, 
-0.020915, -0.047287, -0.060821, -0.040872, 0.006464, 
-0.020582, -0.046824, -0.060785, -0.041699, 0.005203, 
-0.020252, -0.046361, -0.060734, -0.042508, 0.003939, 
-0.019925, -0.045895, -0.060669, -0.043299, 0.002671, 
-0.019602, -0.045427, -0.060589, -0.044070, 0.001402, 
-0.019282, -0.044958, -0.060495, -0.044822, 0.000133, 
-0.018965, -0.044488, -0.060387, -0.045555, -0.001137, 
-0.018652, -0.044016, -0.060265, -0.046269, -0.002407, 
-0.018342, -0.043544, -0.060131, -0.046964, -0.003674, 
-0.018035, -0.043071, -0.059984, -0.047639, -0.004939, 
-0.017732, -0.042598, -0.059824, -0.048294, -0.006202, 
-0.017433, -0.042124, -0.059651, -0.048929, -0.007460, 
-0.017136, -0.041650, -0.059466, -0.049545, -0.008714, 
-0.016843, -0.041175, -0.059269, -0.050140, -0.009963, 
-0.016553, -0.040701, -0.059059, -0.050715, -0.011206, 
-0.016266, -0.040226, -0.058838, -0.051270, -0.012442, 
-0.015983, -0.039752, -0.058606, -0.051805, -0.013671, 
-0.015703, -0.039278, -0.058363, -0.052320, -0.014892, 
-0.015427, -0.038805, -0.058109, -0.052815, -0.016104, 
-0.015154, -0.038332, -0.057844, -0.053289, -0.017306, 
-0.014884, -0.037861, -0.057569, -0.053744, -0.018499, 
-0.014618, -0.037390, -0.057284, -0.054178, -0.019680, 
-0.014355, -0.036921, -0.056989, -0.054591, -0.020851, 
-0.014096, -0.036452, -0.056685, -0.054985, -0.022010, 
-0.013839, -0.035985, -0.056370, -0.055359, -0.023156, 
-0.013586, -0.035519, -0.056048, -0.055712, -0.024289, 
-0.013336, -0.035055, -0.055715, -0.056046, -0.025409, 
-0.013090, -0.034592, -0.055375, -0.056359, -0.026514, 
-0.012847, -0.034131, -0.055026, -0.056653, -0.027605, 
-0.012606, -0.033671, -0.054668, -0.056927, -0.028682, 
-0.012370, -0.033213, -0.054303, -0.057181, -0.029742, 
-0.012136, -0.032758, -0.053930, -0.057416, -0.030786, 
-0.011906, -0.032304, -0.053550, -0.057632, -0.031814, 
-0.011678, -0.031853, -0.053163, -0.057829, -0.032825, 
-0.011454, -0.031403, -0.052769, -0.058006, -0.033818, 
-0.011233, -0.030957, -0.052368, -0.058165, -0.034794, 
-0.011015, -0.030513, -0.051962, -0.058305, -0.035752, 
-0.010801, -0.030071, -0.051549, -0.058427, -0.036691, 
-0.010590, -0.029633, -0.051131, -0.058531, -0.037612, 
-0.010382, -0.029197, -0.050707, -0.058617, -0.038513, 
-0.010176, -0.028764, -0.050279, -0.058685, -0.039395, 
-0.009974, -0.028334, -0.049845, -0.058736, -0.040258, 
-0.009775, -0.027906, -0.049406, -0.058769, -0.041100, 
-0.009579, -0.027482, -0.048963, -0.058785, -0.041923, 
-0.009386, -0.027061, -0.048516, -0.058785, -0.042726, 
-0.009196, -0.026643, -0.048065, -0.058768, -0.043507, 
-0.009009, -0.026229, -0.047610, -0.058734, -0.044268, 
-0.008825, -0.025818, -0.047152, -0.058685, -0.045008, 
-0.008644, -0.025410, -0.046690, -0.058619, -0.045727, 
-0.008465, -0.025005, -0.046225, -0.058538, -0.046424, 
-0.008290, -0.024604, -0.045758, -0.058442, -0.047100, 
-0.008117, -0.024207, -0.045287, -0.058331, -0.047754, 
-0.007947, -0.023813, -0.044815, -0.058205, -0.048388, 
-0.007780, -0.023422, -0.044341, -0.058065, -0.048999, 
-0.007616, -0.023036, -0.043865, -0.057911, -0.049588, 
-0.007455, -0.022653, -0.043386, -0.057742, -0.050155, 
-0.007296, -0.022274, -0.042906, -0.057559, -0.050701, 
-0.007140, -0.021898, -0.042424, -0.057363, -0.051224, 
-0.006986, -0.021526, -0.041941, -0.057153, -0.051726, 
-0.006835, -0.021157, -0.041457, -0.056931, -0.052205, 
-0.006687, -0.020793, -0.040972, -0.056696, -0.052662, 
-0.006541, -0.020432, -0.040486, -0.056449, -0.053097, 
-0.006398, -0.020075, -0.039999, -0.056190, -0.053511, 
-0.006257, -0.019722, -0.039513, -0.055919, -0.053902, 
-0.006119, -0.019373, -0.039026, -0.055637, -0.054272, 
-0.005983, -0.019028, -0.038540, -0.055343, -0.054620, 
-0.005850, -0.018687, -0.038054, -0.055039, -0.054947, 
-0.005719, -0.018349, -0.037567, -0.054725, -0.055252, 
-0.005590, -0.018016, -0.037082, -0.054400, -0.055536, 
-0.005464, -0.017686, -0.036597, -0.054065, -0.055799, 
-0.005340, -0.017360, -0.036113, -0.053721, -0.056041, 
-0.005219, -0.017039, -0.035630, -0.053367, -0.056261, 
-0.005099, -0.016721, -0.035148, -0.053004, -0.056461, 
-0.004982, -0.016407, -0.034667, -0.052633, -0.056641, 
-0.004867, -0.016097, -0.034188, -0.052254, -0.056800, 
-0.004754, -0.015791, -0.033711, -0.051867, -0.056940, 
-0.004643, -0.015489, -0.033235, -0.051472, -0.057059, 
-0.004535, -0.015192, -0.032762, -0.051069, -0.057159, 
-0.004429, -0.014898, -0.032290, -0.050660, -0.057240, 
-0.004324, -0.014608, -0.031821, -0.050244, -0.057302, 
-0.004222, -0.014323, -0.031354, -0.049821, -0.057345, 
-0.004122, -0.014041, -0.030889, -0.049392, -0.057368, 
-0.004023, -0.013763, -0.030426, -0.048957, -0.057374, 
-0.003927, -0.013488, -0.029966, -0.048516, -0.057361, 
-0.003833, -0.013218, -0.029509, -0.048070, -0.057331, 
-0.003740, -0.012952, -0.029054, -0.047619, -0.057284, 
-0.003649, -0.012689, -0.028602, -0.047163, -0.057219, 
-0.003560, -0.012431, -0.028154, -0.046703, -0.057137, 
-0.003473, -0.012176, -0.027709, -0.046239, -0.057039, 
-0.003388, -0.011925, -0.027266, -0.045770, -0.056925, 
-0.003305, -0.011678, -0.026828, -0.045298, -0.056795, 
-0.003223, -0.011435, -0.026392, -0.044823, -0.056649, 
-0.003143, -0.011195, -0.025960, -0.044344, -0.056487, 
-0.003064, -0.010959, -0.025531, -0.043863, -0.056312, 
-0.002988, -0.010727, -0.025106, -0.043379, -0.056121, 
-0.002912, -0.010499, -0.024685, -0.042893, -0.055915, 
-0.002839, -0.010274, -0.024267, -0.042404, -0.055696, 
-0.002767, -0.010054, -0.023853, -0.041914, -0.055464, 
-0.002697, -0.009836, -0.023443, -0.041422, -0.055218, 
-0.002628, -0.009623, -0.023037, -0.040928, -0.054959, 
-0.002561, -0.009412, -0.022635, -0.040433, -0.054688, 
-0.002495, -0.009206, -0.022237, -0.039938, -0.054404, 
-0.002431, -0.009002, -0.021843, -0.039442, -0.054109, 
-0.002368, -0.008803, -0.021453, -0.038945, -0.053802, 
-0.002306, -0.008607, -0.021067, -0.038448, -0.053484, 
-0.002246, -0.008414, -0.020685, -0.037951, -0.053155, 
-0.002187, -0.008224, -0.020307, -0.037453, -0.052815, 
-0.002130, -0.008038, -0.019934, -0.036956, -0.052465, 
-0.002074, -0.007856, -0.019565, -0.036459, -0.052105, 
-0.002019, -0.007677, -0.019200, -0.035963, -0.051736, 
-0.001965, -0.007500, -0.018839, -0.035468, -0.051357, 
-0.001913, -0.007327, -0.018483, -0.034974, -0.050970, 
-0.001861, -0.007157, -0.018131, -0.034481, -0.050574, 
-0.001811, -0.006991, -0.017783, -0.033989, -0.050170, 
-0.001763, -0.006827, -0.017440, -0.033499, -0.049758, 
-0.001715, -0.006667, -0.017101, -0.033010, -0.049339, 
-0.001668, -0.006509, -0.016766, -0.032524, -0.048913, 
-0.001623, -0.006355, -0.016436, -0.032039, -0.048480, 
-0.001579, -0.006203, -0.016110, -0.031556, -0.048039, 
-0.001535, -0.006055, -0.015788, -0.031076, -0.047594, 
-0.001493, -0.005909, -0.015471, -0.030598, -0.047142, 
-0.001451, -0.005766, -0.015158, -0.030122, -0.046685, 
-0.001411, -0.005626, -0.014849, -0.029649, -0.046223, 
-0.001372, -0.005489, -0.014545, -0.029179, -0.045755, 
-0.001334, -0.005354, -0.014246, -0.028712, -0.045283, 
-0.001296, -0.005222, -0.013950, -0.028248, -0.044807, 
-0.001260, -0.005093, -0.013659, -0.027787, -0.044327, 
-0.001224, -0.004967, -0.013372, -0.027329, -0.043843, 
-0.001189, -0.004842, -0.013090, -0.026875, -0.043356, 
-0.001156, -0.004721, -0.012812, -0.026423, -0.042865, 
-0.001123, -0.004602, -0.012538, -0.025976, -0.042372, 
-0.001091, -0.004486, -0.012268, -0.025532, -0.041877, 
-0.001059, -0.004372, -0.012003, -0.025093, -0.041379, 
-0.001029, -0.004261, -0.011742, -0.024656, -0.040879, 
-0.000999, -0.004151, -0.011485, -0.024224, -0.040378, 
-0.000970, -0.004045, -0.011232, -0.023796, -0.039875, 
-0.000942, -0.003940, -0.010984, -0.023371, -0.039371, 
-0.000914, -0.003838, -0.010740, -0.022951, -0.038865, 
-0.000887, -0.003738, -0.010499, -0.022535, -0.038359, 
-0.000861, -0.003640, -0.010263, -0.022123, -0.037853, 
-0.000836, -0.003545, -0.010031, -0.021716, -0.037346, 
-0.000811, -0.003451, -0.009803, -0.021313, -0.036840, 
-0.000787, -0.003360, -0.009578, -0.020914, -0.036334, 
-0.000763, -0.003270, -0.009358, -0.020520, -0.035828, 
-0.000741, -0.003183, -0.009142, -0.020130, -0.035322, 
-0.000719, -0.003098, -0.008930, -0.019744, -0.034818, 
-0.000697, -0.003015, -0.008721, -0.019364, -0.034315, 
-0.000676, -0.002933, -0.008516, -0.018988, -0.033813, 
-0.000655, -0.002854, -0.008315, -0.018616, -0.033313, 
-0.000635, -0.002776, -0.008118, -0.018249, -0.032814, 
-0.000616, -0.002700, -0.007925, -0.017887, -0.032317, 
-0.000597, -0.002626, -0.007735, -0.017529, -0.031822, 
-0.000579, -0.002554, -0.007549, -0.017177, -0.031329, 
-0.000561, -0.002483, -0.007366, -0.016828, -0.030838, 
-0.000544, -0.002414, -0.007187, -0.016485, -0.030350, 
-0.000527, -0.002347, -0.007011, -0.016146, -0.029865, 
-0.000511, -0.002281, -0.006839, -0.015812, -0.029382, 
-0.000495, -0.002217, -0.006670, -0.015483, -0.028902, 
-0.000479, -0.002155, -0.006505, -0.015158, -0.028425, 
-0.000464, -0.002094, -0.006342, -0.014838, -0.027951, 
-0.000450, -0.002034, -0.006183, -0.014523, -0.027480, 
-0.000436, -0.001976, -0.006028, -0.014212, -0.027013, 
-0.000422, -0.001920, -0.005875, -0.013906, -0.026549, 
-0.000408, -0.001864, -0.005726, -0.013605, -0.026089, 
-0.000395, -0.001811, -0.005580, -0.013308, -0.025633, 
-0.000383, -0.001758, -0.005437, -0.013016, -0.025181, 
-0.000370, -0.001707, -0.005297, -0.012729, -0.024732, 
-0.000359, -0.001657, -0.005160, -0.012446, -0.024288, 
-0.000347, -0.001609, -0.005026, -0.012168, -0.023847, 
-0.000336, -0.001562, -0.004894, -0.011895, -0.023412, 
-0.000325, -0.001516, -0.004766, -0.011626, -0.022980, 
-0.000314, -0.001471, -0.004640, -0.011362, -0.022552, 
-0.000304, -0.001427, -0.004518, -0.011102, -0.022129, 
-0.000294, -0.001385, -0.004397, -0.010847, -0.021711, 
-0.000284, -0.001343, -0.004280, -0.010596, -0.021297, 
-0.000275, -0.001303, -0.004165, -0.010349, -0.020887, 
-0.000266, -0.001264, -0.004053, -0.010107, -0.020483, 
-0.000257, -0.001226, -0.003943, -0.009869, -0.020083, 
-0.000249, -0.001189, -0.003836, -0.009635, -0.019687, 
-0.000241, -0.001152, -0.003732, -0.009406, -0.019297, 
-0.000232, -0.001117, -0.003629, -0.009181, -0.018911, 
-0.000225, -0.001083, -0.003529, -0.008960, -0.018531, 
-0.000217, -0.001050, -0.003432, -0.008744, -0.018155, 
-0.000210, -0.001017, -0.003337, -0.008531, -0.017783, 
-0.000203, -0.000986, -0.003244, -0.008323, -0.017417, 
-0.000196, -0.000955, -0.003153, -0.008118, -0.017056, 
-0.000189, -0.000925, -0.003065, -0.007917, -0.016700, 
-0.000183, -0.000896, -0.002978, -0.007721, -0.016348, 
-0.000176, -0.000868, -0.002894, -0.007528, -0.016001, 
-0.000170, -0.000841, -0.002812, -0.007339, -0.015660, 
-0.000165, -0.000815, -0.002731, -0.007154, -0.015323, 
-0.000159, -0.000789, -0.002653, -0.006972, -0.014992, 
-0.000153, -0.000764, -0.002576, -0.006794, -0.014665, 
-0.000148, -0.000740, -0.002502, -0.006620, -0.014343, 
-0.000143, -0.000716, -0.002429, -0.006450, -0.014026, 
-0.000138, -0.000693, -0.002358, -0.006283, -0.013715, 
-0.000133, -0.000671, -0.002289, -0.006120, -0.013408, 
-0.000128, -0.000649, -0.002222, -0.005960, -0.013106, 
-0.000124, -0.000628, -0.002157, -0.005803, -0.012809, 
-0.000120, -0.000607, -0.002093, -0.005650, -0.012516, 
-0.000115, -0.000587, -0.002031, -0.005500, -0.012229, 
-0.000111, -0.000568, -0.001970, -0.005353, -0.011947, 
-0.000107, -0.000550, -0.001911, -0.005210, -0.011669, 
-0.000104, -0.000532, -0.001854, -0.005070, -0.011396, 
-0.000100, -0.000514, -0.001798, -0.004933, -0.011128, 
-0.000096, -0.000497, -0.001743, -0.004799, -0.010865, 
-0.000093, -0.000480, -0.001690, -0.004668, -0.010606, 
-0.000089, -0.000464, -0.001639, -0.004540, -0.010352, 
-0.000086, -0.000449, -0.001589, -0.004416, -0.010103, 
-0.000083, -0.000434, -0.001540, -0.004293, -0.009858, 
-0.000080, -0.000419, -0.001492, -0.004174, -0.009617, 
-0.000077, -0.000405, -0.001446, -0.004058, -0.009382, 
-0.000074, -0.000391, -0.001401, -0.003944, -0.009150, 
-0.000072, -0.000378, -0.001357, -0.003833, -0.008923, 
-0.000069, -0.000365, -0.001315, -0.003725, -0.008701, 
-0.000067, -0.000353, -0.001273, -0.003619, -0.008483, 
-0.000064, -0.000341, -0.001234, -0.003516, -0.008269, 
-0.000062, -0.000329, -0.001194, -0.003415, -0.008059, 
-0.000059, -0.000317, -0.001157, -0.003317, -0.007854, 
-0.000057, -0.000306, -0.001120, -0.003221, -0.007652, 
-0.000055, -0.000296, -0.001084, -0.003127, -0.007455, 
-0.000053, -0.000286, -0.001049, -0.003036, -0.007262, 
-0.000051, -0.000276, -0.001015, -0.002948, -0.007073, 
-0.000049, -0.000266, -0.000983, -0.002861, -0.006888, 
-0.000047, -0.000257, -0.000951, -0.002777, -0.006707, 
-0.000045, -0.000247, -0.000920, -0.002694, -0.006529, 
-0.000044, -0.000239, -0.000890, -0.002614, -0.006356, 
-0.000042, -0.000230, -0.000861, -0.002536, -0.006186, 
-0.000041, -0.000222, -0.000832, -0.002460, -0.006020, 
-0.000039, -0.000214, -0.000805, -0.002386, -0.005857, 
-0.000038, -0.000207, -0.000778, -0.002314, -0.005698, 
-0.000036, -0.000199, -0.000752, -0.002243, -0.005543, 
-0.000035, -0.000192, -0.000727, -0.002175, -0.005391, 
-0.000033, -0.000185, -0.000703, -0.002108, -0.005243, 
-0.000032, -0.000178, -0.000679, -0.002043, -0.005098, 
-0.000031, -0.000172, -0.000656, -0.001981, -0.004956, 
-0.000030, -0.000166, -0.000634, -0.001919, -0.004817, 
-0.000028, -0.000160, -0.000613, -0.001860, -0.004682, 
-0.000027, -0.000154, -0.000592, -0.001801, -0.004550, 
-0.000026, -0.000148, -0.000572, -0.001745, -0.004421, 
-0.000025, -0.000143, -0.000552, -0.001690, -0.004295, 
-0.000024, -0.000138, -0.000533, -0.001637, -0.004172, 
-0.000023, -0.000132, -0.000515, -0.001585, -0.004053, 
-0.000022, -0.000127, -0.000497, -0.001534, -0.003936, 
-0.000021, -0.000123, -0.000480, -0.001485, -0.003821, 
-0.000021, -0.000118, -0.000463, -0.001438, -0.003710, 
-0.000020, -0.000114, -0.000447, -0.001392, -0.003601, 
-0.000019, -0.000109, -0.000431, -0.001347, -0.003495, 
-0.000018, -0.000105, -0.000416, -0.001303, -0.003392, 
-0.000017, -0.000101, -0.000402, -0.001261, -0.003291, 
-0.000017, -0.000097, -0.000387, -0.001219, -0.003193, 
-0.000016, -0.000094, -0.000374, -0.001179, -0.003098, 
-0.000016, -0.000090, -0.000360, -0.001141, -0.003004, 
-0.000015, -0.000087, -0.000347, -0.001103, -0.002913, 
-0.000014, -0.000084, -0.000335, -0.001066, -0.002825, 
-0.000014, -0.000080, -0.000323, -0.001031, -0.002739, 
-0.000013, -0.000077, -0.000312, -0.000996, -0.002655, 
-0.000013, -0.000074, -0.000300, -0.000963, -0.002573, 
-0.000012, -0.000071, -0.000289, -0.000930, -0.002494, 
-0.000012, -0.000069, -0.000279, -0.000899, -0.002416, 
-0.000011, -0.000066, -0.000269, -0.000869, -0.002341, 
-0.000011, -0.000063, -0.000259, -0.000839, -0.002268, 
-0.000010, -0.000061, -0.000249, -0.000810, -0.002196, 
-0.000010, -0.000059, -0.000240, -0.000782, -0.002127, 
-0.000009, -0.000056, -0.000231, -0.000755, -0.002059, 
-0.000009, -0.000054, -0.000223, -0.000729, -0.001994, 
-0.000009, -0.000052, -0.000215, -0.000704, -0.001930, 
-0.000008, -0.000050, -0.000206, -0.000680, -0.001868, 
-0.000008, -0.000048, -0.000199, -0.000656, -0.001807, 
-0.000007, -0.000046, -0.000191, -0.000633, -0.001748, 
-0.000007, -0.000044, -0.000184, -0.000611, -0.001691, 
-0.000007, -0.000042, -0.000177, -0.000589, -0.001636, 
-0.000007, -0.000041, -0.000170, -0.000568, -0.001582, 
-0.000006, -0.000039, -0.000164, -0.000548, -0.001530, 
-0.000006, -0.000037, -0.000158, -0.000528, -0.001479, 
-0.000006, -0.000036, -0.000152, -0.000509, -0.001429, 
-0.000005, -0.000034, -0.000146, -0.000491, -0.001381, 
-0.000005, -0.000033, -0.000140, -0.000473, -0.001335, 
-0.000005, -0.000032, -0.000135, -0.000456, -0.001289, 
-0.000005, -0.000030, -0.000129, -0.000439, -0.001245, 
-0.000005, -0.000029, -0.000124, -0.000423, -0.001203, 
-0.000004, -0.000028, -0.000120, -0.000408, -0.001161, 
-0.000004, -0.000027, -0.000115, -0.000392, -0.001121, 
-0.000004, -0.000025, -0.000110, -0.000378, -0.001082, 
-0.000004, -0.000025, -0.000106, -0.000364, -0.001044, 
-0.000004, -0.000024, -0.000102, -0.000350, -0.001007, 
-0.000004, -0.000023, -0.000098, -0.000337, -0.000972, 
-0.000003, -0.000021, -0.000094, -0.000324, -0.000937, 
-0.000003, -0.000021, -0.000090, -0.000312, -0.000903, 
-0.000003, -0.000020, -0.000086, -0.000300, -0.000871, 
-0.000003, -0.000019, -0.000083, -0.000288, -0.000839, 
-0.000003, -0.000018, -0.000079, -0.000277, -0.000809, 
-0.000003, -0.000017, -0.000076, -0.000266, -0.000779, 
-0.000003, -0.000017, -0.000073, -0.000256, -0.000750, 
-0.000003, -0.000016, -0.000070, -0.000246, -0.000722, 
-0.000002, -0.000015, -0.000067, -0.000236, -0.000695, 
-0.000002, -0.000014, -0.000064, -0.000226, -0.000668, 
-0.000002, -0.000014, -0.000061, -0.000217, -0.000643, 
-0.000002, -0.000013, -0.000059, -0.000208, -0.000618, 
-0.000002, -0.000013, -0.000056, -0.000200, -0.000594, 
-0.000002, -0.000012, -0.000054, -0.000192, -0.000571, 
-0.000002, -0.000012, -0.000052, -0.000184, -0.000548, 
-0.000002, -0.000011, -0.000049, -0.000176, -0.000526, 
-0.000002, -0.000010, -0.000047, -0.000169, -0.000505, 
-0.000002, -0.000010, -0.000045, -0.000161, -0.000484, 
-0.000002, -0.000010, -0.000043, -0.000154, -0.000464, 
-0.000001, -0.000009, -0.000041, -0.000148, -0.000444, 
-0.000001, -0.000009, -0.000039, -0.000141, -0.000425, 
-0.000001, -0.000008, -0.000037, -0.000135, -0.000407, 
-0.000001, -0.000008, -0.000036, -0.000129, -0.000389, 
-0.000001, -0.000007, -0.000034, -0.000123, -0.000372, 
-0.000001, -0.000007, -0.000032, -0.000117, -0.000355, 
-0.000001, -0.000007, -0.000031, -0.000111, -0.000338, 
-0.000001, -0.000006, -0.000029, -0.000106, -0.000322, 
-0.000001, -0.000006, -0.000028, -0.000100, -0.000307, 
-0.000001, -0.000006, -0.000026, -0.000095, -0.000292, 
-0.000001, -0.000005, -0.000025, -0.000091, -0.000277, 
-0.000001, -0.000005, -0.000023, -0.000086, -0.000263, 
-0.000001, -0.000005, -0.000022, -0.000081, -0.000249, 
-0.000001, -0.000005, -0.000021, -0.000077, -0.000235, 
-0.000001, -0.000004, -0.000020, -0.000072, -0.000222, 
-0.000001, -0.000004, -0.000018, -0.000068, -0.000209, 
-0.000001, -0.000004, -0.000017, -0.000064, -0.000196, 
-0.000000, -0.000003, -0.000016, -0.000060, -0.000184, 
-0.000001, -0.000003, -0.000015, -0.000055, -0.000172, 
-0.000000, -0.000003, -0.000014, -0.000052, -0.000160, 
-0.000001, -0.000003, -0.000013, -0.000048, -0.000148, 
-0.000000, -0.000003, -0.000012, -0.000044, -0.000136, 
-0.000000, -0.000002, -0.000011, -0.000040, -0.000125, 
-0.000000, -0.000002, -0.000010, -0.000037, -0.000114, 
-0.000000, -0.000002, -0.000009, -0.000033, -0.000103, 
-0.000000, -0.000002, -0.000008, -0.000030, -0.000092, 
-0.000000, -0.000001, -0.000007, -0.000026, -0.000082, 
-0.000000, -0.000001, -0.000006, -0.000023, -0.000071, 
-0.000000, -0.000001, -0.000005, -0.000019, -0.000061, 
-0.000000, -0.000001, -0.000004, -0.000016, -0.000051, 
-0.000000, -0.000001, -0.000003, -0.000013, -0.000040, 
0.000000, -0.000001, -0.000003, -0.000010, -0.000030, 
-0.000000, -0.000000, -0.000002, -0.000007, -0.000020, 
0.000000, -0.000000, -0.000001, -0.000003, -0.000010,
